peptide	lca	superkingdom	kingdom	subkingdom	superphylum	phylum	subphylum	superclass	class	subclass	superorder	order	suborder	infraorder	superfamily	family	subfamily	tribe	subtribe	genus	subgenus	species group	species subgroup	species	subspecies	strain	varietas	forma
AIGEAKDEDTADIFTAASR	Enterobacteriaceae	Bacteria				Pseudomonadota			Gammaproteobacteria			Enterobacterales				Enterobacteriaceae												
DNADSIYTGAGEISAGSSDLSSR	Salmonella	Bacteria				Pseudomonadota			Gammaproteobacteria			Enterobacterales				Enterobacteriaceae				Salmonella								
DTFVGPTLIAYSMEHPGAAAR	root																											
GSGFGGGSGFGGGSGFGGGSGFGGGGFGGGGFGGGR	Mammalia	Eukaryota	Metazoa			Chordata	Craniata	Sarcopterygii	Mammalia																			
KAIGEAKDEDTADIFTAASR	Enterobacteriaceae	Bacteria				Pseudomonadota			Gammaproteobacteria			Enterobacterales				Enterobacteriaceae												
KTLLTQVAPPGVTAHVVDVAK	root																											
LGGADGKTEVVSIGGK	Salmonella enterica	Bacteria				Pseudomonadota			Gammaproteobacteria			Enterobacterales				Enterobacteriaceae				Salmonella				Salmonella enterica				
VIESLIHSGEPLGLEAGSK	root																											
AATAGNGNEAAIEAQAAGVEQR	root																											
AIGEAKDEDTADIFTAASR	Enterobacteriaceae	Bacteria				Pseudomonadota			Gammaproteobacteria			Enterobacterales				Enterobacteriaceae												
CPFHQGGHDQSAGAGTTTR	Enterobacteriaceae	Bacteria				Pseudomonadota			Gammaproteobacteria			Enterobacterales				Enterobacteriaceae												
GGSGGSHGGGSGFGGESGGSYGGGEEASGSGGGYGGGSGK	Homininae	Eukaryota	Metazoa			Chordata	Craniata	Sarcopterygii	Mammalia		Euarchontoglires	Primates	Haplorrhini	Simiiformes	Hominoidea	Hominidae	Homininae											
LKGNTGENLLALLEGR	Gammaproteobacteria	Bacteria				Pseudomonadota			Gammaproteobacteria																			
LLVNTGSLAESTQQSGYSHAIPR	root																											
TEVAPVAPPAVVAPAAK	Salmonella enterica	Bacteria				Pseudomonadota			Gammaproteobacteria			Enterobacterales				Enterobacteriaceae				Salmonella				Salmonella enterica				
THAPVDFDTAVASTITSHDAGYINK	Enterobacteriaceae	Bacteria				Pseudomonadota			Gammaproteobacteria			Enterobacterales				Enterobacteriaceae												
TVTHMQDEAANFPDPVDR	root																											
VPTGATTQDAEVDDAK	root																											
GEVVSHIASDNVLGGK	Gammaproteobacteria	Bacteria				Pseudomonadota			Gammaproteobacteria																			
GVVVAIDKDVVLVDAGLK	root																											
HGGGGGGFGGGGFGSR	Mammalia	Eukaryota	Metazoa			Chordata	Craniata	Sarcopterygii	Mammalia																			
HNGAPAFSPDGSK	root																											
IPVQYLANLLTAGDTKPVLR	Enterobacteriaceae	Bacteria				Pseudomonadota			Gammaproteobacteria			Enterobacterales				Enterobacteriaceae												
LLILGSGPAGYTAAVYAAR	root																											
THAPVDFDTAVASTITSHDAGYINK	Enterobacteriaceae	Bacteria				Pseudomonadota			Gammaproteobacteria			Enterobacterales				Enterobacteriaceae												
THNQGVFDVYTPDILR	Gammaproteobacteria	Bacteria				Pseudomonadota			Gammaproteobacteria																			
VHAQHYFSDDNGSDGDK	Enterobacteriaceae	Bacteria				Pseudomonadota			Gammaproteobacteria			Enterobacterales				Enterobacteriaceae												
VPTGATTQDAEVDDAK	root																											
AIGEAKDEDTADIFTAASR	Enterobacteriaceae	Bacteria				Pseudomonadota			Gammaproteobacteria			Enterobacterales				Enterobacteriaceae												
GVVVAIDKDVVLVDAGLK	root																											
KAIGEAKDEDTADIFTAASR	Enterobacteriaceae	Bacteria				Pseudomonadota			Gammaproteobacteria			Enterobacterales				Enterobacteriaceae												
LIPAAVEGGLHQIETASGAVLK	Enterobacteriaceae	Bacteria				Pseudomonadota			Gammaproteobacteria			Enterobacterales				Enterobacteriaceae												
LPQVEGTGGDVQPSSELVR	Enterobacterales	Bacteria				Pseudomonadota			Gammaproteobacteria			Enterobacterales																
QIVLNCGEEPSVVANTVK	root																											
QPDAMTHPDGMQIK	root																											
THAPVDFDTAVASTITSHDAGYINK	Enterobacteriaceae	Bacteria				Pseudomonadota			Gammaproteobacteria			Enterobacterales				Enterobacteriaceae												
YDDAPNNVAQAVIEAR	Gammaproteobacteria	Bacteria				Pseudomonadota			Gammaproteobacteria																			
ALAEHGIVFGEPK	root																											
AVYGKDPVAAGAK	Straboviridae	Viruses	Heunggongvirae			Uroviricota			Caudoviricetes							Straboviridae												
AYDINLTDLLEEEIDPALGNGGLGR	Enterobacteriaceae	Bacteria				Pseudomonadota			Gammaproteobacteria			Enterobacterales				Enterobacteriaceae												
DYGVGSDVYSVTSFTELAR	Bacteria	Bacteria																										
FASHGGYMLQGQELK	Enterobacterales	Bacteria				Pseudomonadota			Gammaproteobacteria			Enterobacterales																
GGSGGSYGGGGSGGGYGGGSGSR	Hominoidea	Eukaryota	Metazoa			Chordata	Craniata	Sarcopterygii	Mammalia		Euarchontoglires	Primates	Haplorrhini	Simiiformes	Hominoidea													
MLNKPVEELNIITCHLGNGGSVSAIR	Enterobacterales	Bacteria				Pseudomonadota			Gammaproteobacteria			Enterobacterales																
QPDAMTHPDGMQIK	root																											
YDANNIYLAAQYSQTYNATR	Gammaproteobacteria	Bacteria				Pseudomonadota			Gammaproteobacteria																			
YDEAPSNVAQAVIEAR	Gammaproteobacteria	Bacteria				Pseudomonadota			Gammaproteobacteria																			
DNADSIYTGAGEISAGSSDLSSR	Salmonella	Bacteria				Pseudomonadota			Gammaproteobacteria			Enterobacterales				Enterobacteriaceae				Salmonella								
ENEPMGGYDPYSNSK	Bacteria	Bacteria																										
FDGFVHSIGFAPGDQLDGDYVNAVTR	root																											
HAVIALTSIYGVGK	Bacteria	Bacteria																										
LPQVEGTGGDVQPSSELVR	Enterobacterales	Bacteria				Pseudomonadota			Gammaproteobacteria			Enterobacterales																
QLDPLVVGQEHYDTAR	root																											
SEPIKGDVLNFDEVMDR	Enterobacterales	Bacteria				Pseudomonadota			Gammaproteobacteria			Enterobacterales																
TPEYDELFSGDPIWATESIGGMGLDGR	Pseudomonadota	Bacteria				Pseudomonadota																						
YNTNGGIVTGDGMGMALSHGVPLR	root																											
YTDTPAGEALVSAGPK	Enterobacterales	Bacteria				Pseudomonadota			Gammaproteobacteria			Enterobacterales																
AYDINLTDLLEEEIDPALGNGGLGR	Enterobacteriaceae	Bacteria				Pseudomonadota			Gammaproteobacteria			Enterobacterales				Enterobacteriaceae												
DYGVGSDVYSVTSFTELAR	Bacteria	Bacteria																										
FGQVMGTAVMGGAAATAAK	Tequatrovirus	Viruses	Heunggongvirae			Uroviricota			Caudoviricetes							Straboviridae	Tevenvirinae			Tequatrovirus								
GGADGKTEVVSIGGK	Salmonella enterica	Bacteria				Pseudomonadota			Gammaproteobacteria			Enterobacterales				Enterobacteriaceae				Salmonella				Salmonella enterica				
GGSGGSYGGGGSGGGYGGGSGSR	Hominoidea	Eukaryota	Metazoa			Chordata	Craniata	Sarcopterygii	Mammalia		Euarchontoglires	Primates	Haplorrhini	Simiiformes	Hominoidea													
LGGADGKTEVVSIGGK	Salmonella enterica	Bacteria				Pseudomonadota			Gammaproteobacteria			Enterobacterales				Enterobacteriaceae				Salmonella				Salmonella enterica				
SGVTQAQVAQVLQQAYAHKPLVR	Enterobacteriaceae	Bacteria				Pseudomonadota			Gammaproteobacteria			Enterobacterales				Enterobacteriaceae												
VHAQHYFSDDNGSDGDK	Enterobacteriaceae	Bacteria				Pseudomonadota			Gammaproteobacteria			Enterobacterales				Enterobacteriaceae												
WTGMCGELAGDER	root																											
YTDTPAGEALVSAGPK	Enterobacterales	Bacteria				Pseudomonadota			Gammaproteobacteria			Enterobacterales																
DYGVGSDVYSVTSFTELAR	Bacteria	Bacteria																										
IGVLTSGGDAPGMNAAIR	root																											
LTDTPAIVSTDADEMSTQMAK	root																											
NVLQPIGWDAFGLPAEGAAVK	root																											
SLELPAIVGTGSVTSQVK	root																											
THAPVDFDTAVASTITSHDAGYINK	Enterobacteriaceae	Bacteria				Pseudomonadota			Gammaproteobacteria			Enterobacterales				Enterobacteriaceae												
THNQGVFDVYTPDILR	Gammaproteobacteria	Bacteria				Pseudomonadota			Gammaproteobacteria																			
VPAGSVVVSGNLPSKDGK	Gammaproteobacteria	Bacteria				Pseudomonadota			Gammaproteobacteria																			
ELTPAAVTGTLTTPVGR	root																											
ETTVQSTVVNNSTGTAALAGK	Tevenvirinae	Viruses	Heunggongvirae			Uroviricota			Caudoviricetes							Straboviridae	Tevenvirinae											
INSAKDDAAGQAIANR	root																											
IPVQYLANLLTAGDTKPVLR	Enterobacteriaceae	Bacteria				Pseudomonadota			Gammaproteobacteria			Enterobacterales				Enterobacteriaceae												
TFAYTNHTLMPEALER	root																											
THAPVDFDTAVASTITSHDAGYINK	Enterobacteriaceae	Bacteria				Pseudomonadota			Gammaproteobacteria			Enterobacterales				Enterobacteriaceae												
TPEGYASGSLGPTTAGR	root																											
TQGLGPANPIASNSTAEGK	root																											
VIESLIHSGEPLGLEAGSK	root																											
YDEAPSNVAQAVIEAR	Gammaproteobacteria	Bacteria				Pseudomonadota			Gammaproteobacteria																			
GIEGASLDVPDEFVHSGK	Enterobacteriaceae	Bacteria				Pseudomonadota			Gammaproteobacteria			Enterobacterales				Enterobacteriaceae												
IELSSAQQTDVNLPYITADATGPK	root																											
PLYEHIAELNGTPGK	root																											
QVADNPGAAYNPLFLYGGTGLGK	Gammaproteobacteria	Bacteria				Pseudomonadota			Gammaproteobacteria																			
SLATAAGAVAGGVAGQGVQSAMNK	Enterobacteriaceae	Bacteria				Pseudomonadota			Gammaproteobacteria			Enterobacterales				Enterobacteriaceae												
THAPVDFDTAVASTITSHDAGYINK	Enterobacteriaceae	Bacteria				Pseudomonadota			Gammaproteobacteria			Enterobacterales				Enterobacteriaceae												
TILWNGPVGVFEFPNFR	root																											
TPNPGNTMSEQLGDK	root																											
YDEAPSNVAQAVIEAR	Gammaproteobacteria	Bacteria				Pseudomonadota			Gammaproteobacteria																			
DDDSYDDDVEEDEGVGEVR	Salmonella	Bacteria				Pseudomonadota			Gammaproteobacteria			Enterobacterales				Enterobacteriaceae				Salmonella								
KSGVLTGLPDAYGR	root																											
LANDSHYGLGGAVFSQNIER	Enterobacteriaceae	Bacteria				Pseudomonadota			Gammaproteobacteria			Enterobacterales				Enterobacteriaceae												
LIPAADISEQISTAGK	Bacteria	Bacteria																										
QIYEHGVPQAPLAVTGETEK	root																											
QLDPLVVGQEHYDTAR	root																											
RAEITPANADTVTR	Enterobacterales	Bacteria				Pseudomonadota			Gammaproteobacteria			Enterobacterales																
SEPIKGDVLNYDEVMER	Gammaproteobacteria	Bacteria				Pseudomonadota			Gammaproteobacteria																			
VAVLTSGGDAPGMNAAIR	Bacteria	Bacteria																										
VLTQTMVTSADEGGLHTK	root																											
EADGSIAALHSVNDLDVTK	Bacillus	Bacteria				Bacillota			Bacilli			Bacillales				Bacillaceae				Bacillus								
GQIEGAVSSSDASTEK	root																											
LIPAADISEQISTAGK	Bacteria	Bacteria																										
MQAAGAQAYLVNTGWNGTGK	Gammaproteobacteria	Bacteria				Pseudomonadota			Gammaproteobacteria																			
NEYTDPTAPAEDAPR	Salmonella	Bacteria				Pseudomonadota			Gammaproteobacteria			Enterobacterales				Enterobacteriaceae				Salmonella								
THINIVVIGHVDSGK	root																											
VEVETPEENTGDVIGDLSR	root																											
YAEIADHLGLSAPGDR	root																											
YDANNIYLAAQYSQTYNATR	Gammaproteobacteria	Bacteria				Pseudomonadota			Gammaproteobacteria																			
YDEAPSNVAQAVIEAR	Gammaproteobacteria	Bacteria				Pseudomonadota			Gammaproteobacteria																			
AEANPALHPGQSAAIYLK	Enterobacteriaceae	Bacteria				Pseudomonadota			Gammaproteobacteria			Enterobacterales				Enterobacteriaceae												
ATPAVINNDGLNYVPTNR	root																											
DYGVGSDVYSVTSFTELAR	Bacteria	Bacteria																										
GEVVSHIASDNVLGGK	Gammaproteobacteria	Bacteria				Pseudomonadota			Gammaproteobacteria																			
GMGESNPVTGNTCDNVKPR	Enterobacterales	Bacteria				Pseudomonadota			Gammaproteobacteria			Enterobacterales																
GNGENSYGGNGDMTYAR	Gammaproteobacteria	Bacteria				Pseudomonadota			Gammaproteobacteria																			
GSLGGGFSSGGFSGGSFSR	Mammalia	Eukaryota	Metazoa			Chordata	Craniata	Sarcopterygii	Mammalia																			
LIPAADISEQISTAGK	Bacteria	Bacteria																										
QGNALGWATAGGSGFR	root																											
VFQTHSPVVDSIAVK	Gammaproteobacteria	Bacteria				Pseudomonadota			Gammaproteobacteria																			
AIAQVGTISANSDETVGK	root																											
DYGVGSDVYSVTSFTELAR	Bacteria	Bacteria																										
EGVSKDDAEALKK	root																											
GSGFGGGSGFGGGSGFGGGGFGGGGFGGGR	Mammalia	Eukaryota	Metazoa			Chordata	Craniata	Sarcopterygii	Mammalia																			
LVAMGGIGHTSCLYTDQDNQPAR	root																											
QSNWFSGQHGEEGGSMR	Salmonella	Bacteria				Pseudomonadota			Gammaproteobacteria			Enterobacterales				Enterobacteriaceae				Salmonella								
SDEEQTSTTTDTPATPAR	root																											
VEVETPEENTGDVIGDLSR	root																											
VPTPNVSVVDLTVR	root																											
YNTNGGIVTGDGMGMALSHGVPLR	root																											
AAQYVASHPGEVCPAK	root																											
AEYYASNDTAPEHR	root																											
ALAEHGIVFGEPK	root																											
DTFVGPTLIAYSMEHPGAAAR	root																											
DYGVGSDVYSVTSFTELAR	Bacteria	Bacteria																										
HPVTPWGVQTK	root																											
QLDPLVVGQEHYDTAR	root																											
SHDALTAVTSLSVDK	Gammaproteobacteria	Bacteria				Pseudomonadota			Gammaproteobacteria																			
TVINQVTYLPIASEVTDVNR	root																											
VPTPNVSVVDLTVR	root																											
ALAEHGIVFGEPK	root																											
ALQLPIAVLPVAALLLR	root																											
AYPEQSMAVAATHDLPTLR	Gammaproteobacteria	Bacteria				Pseudomonadota			Gammaproteobacteria																			
FYGVQFHPEVTHTR	root																											
GVGEDISDGGNAISGAATK	Enterobacteriaceae	Bacteria				Pseudomonadota			Gammaproteobacteria			Enterobacterales				Enterobacteriaceae												
QTDELTGLSSLVVLDSAER	root																											
SEPIKGDVLNYDEVMER	Gammaproteobacteria	Bacteria				Pseudomonadota			Gammaproteobacteria																			
SNASGASNTSSSNQGDIMDQR	Salmonella enterica	Bacteria				Pseudomonadota			Gammaproteobacteria			Enterobacterales				Enterobacteriaceae				Salmonella				Salmonella enterica				
TFAYTNHTLMPEALER	root																											
TFTTQETMTNAHSAR	root																											
ADIDYNTSEAHTTYGVIGVK	root																											
GGSGGSYGGGGSGGGYGGGSGSR	Hominoidea	Eukaryota	Metazoa			Chordata	Craniata	Sarcopterygii	Mammalia		Euarchontoglires	Primates	Haplorrhini	Simiiformes	Hominoidea													
GSGFGGGSGFGGGSGFGGGGFGGGGFGGGR	Mammalia	Eukaryota	Metazoa			Chordata	Craniata	Sarcopterygii	Mammalia																			
IGEVHDGAATMDWMEQEQER	root																											
NELNEAAETLANFLKDDANIHAIQR	root																											
QGTHDSHGAPLGDAEIALTR	Enterobacteriaceae	Bacteria				Pseudomonadota			Gammaproteobacteria			Enterobacterales				Enterobacteriaceae												
STMDHYAASNPLNK	Enterobacteriaceae	Bacteria				Pseudomonadota			Gammaproteobacteria			Enterobacterales				Enterobacteriaceae												
VAMLSYSTGTSGAGSDVEK	root																											
VEVETPEENTGDVIGDLSR	root																											
VPCAVIEGDQQTVNDAAR	root																											
ALAEHGIVFGEPK	root																											
FGQGEAAPVVAPAPAPAPEVQTK	Bacteria	Bacteria																										
GNGENSYGGNGDMTYAR	Gammaproteobacteria	Bacteria				Pseudomonadota			Gammaproteobacteria																			
HPVTPWGVQTK	root																											
SLATAAGAVAGGVAGQGVQSAMNK	Enterobacteriaceae	Bacteria				Pseudomonadota			Gammaproteobacteria			Enterobacterales				Enterobacteriaceae												
SNYFDCHSNTFDNSPGK	Tequatrovirus	Viruses	Heunggongvirae			Uroviricota			Caudoviricetes							Straboviridae	Tevenvirinae			Tequatrovirus								
THINIVVIGHVDSGK	root																											
TPEGYASGSLGPTTAGR	root																											
VFQTHSPVVDSISVK	root																											
AALTAAGVTGTASVVK	Salmonella enterica	Bacteria				Pseudomonadota			Gammaproteobacteria			Enterobacterales				Enterobacteriaceae				Salmonella				Salmonella enterica				
APVIVQFSNGGASFIAGK	root																											
DYGVGSDVYSVTSFTELAR	Bacteria	Bacteria																										
FANPQEGSVVFDDQIR	root																											
GMGESNPVTGNTCDNVK	root																											
GPNEMDAGIYYAPYVALTPLR	Tequatrovirus	Viruses	Heunggongvirae			Uroviricota			Caudoviricetes							Straboviridae	Tevenvirinae			Tequatrovirus								
HGNTSAASVPCALDEAVR	root																											
LAIAHSADQQALNGGQMGWGR	Bacteria	Bacteria																										
QEAAPAAAPAPAAGVK	Enterobacteriaceae	Bacteria				Pseudomonadota			Gammaproteobacteria			Enterobacterales				Enterobacteriaceae												
TMACGIAGLSVAADSLSAIK	root																											
DGISYTFSIVPNALGK	root																											
GNGENSYGGNGDMTYAR	Gammaproteobacteria	Bacteria				Pseudomonadota			Gammaproteobacteria																			
LYSSGNYTQQELADWQGVSVDTIR	Tequatrovirus	Viruses	Heunggongvirae			Uroviricota			Caudoviricetes							Straboviridae	Tevenvirinae			Tequatrovirus								
NYTAGGEGGATLINDR	root																											
QINSQTLGLDTLNVQQK	Salmonella enterica	Bacteria				Pseudomonadota			Gammaproteobacteria			Enterobacterales				Enterobacteriaceae				Salmonella				Salmonella enterica				
THNQGVFDVYTPDILR	Gammaproteobacteria	Bacteria				Pseudomonadota			Gammaproteobacteria																			
TQGLGPANPIASNSTAEGK	root																											
VFQTHSPVVDSIAVK	Gammaproteobacteria	Bacteria				Pseudomonadota			Gammaproteobacteria																			
VVLASNGSQVTVSPR	Enterobacterales	Bacteria				Pseudomonadota			Gammaproteobacteria			Enterobacterales																
VVSMPSTDAFDKQDAAYR	Gammaproteobacteria	Bacteria				Pseudomonadota			Gammaproteobacteria																			
AIAQVGTISANSDETVGK	root																											
AYPEQSMAVAATHDLPTLR	Gammaproteobacteria	Bacteria				Pseudomonadota			Gammaproteobacteria																			
ELAAFSQFASDLDDATRK	root																											
GEVVSHIASDNVLGGK	Gammaproteobacteria	Bacteria				Pseudomonadota			Gammaproteobacteria																			
GLDVKDLEHPIEVPVGK	root																											
LLDNAAADLAAISGQK	root																											
STQVYGQDVWLPAETLDLIR	root																											
THAPVDFDTAVASTITSHDAGYINK	Enterobacteriaceae	Bacteria				Pseudomonadota			Gammaproteobacteria			Enterobacterales				Enterobacteriaceae												
VIGVGGGGGNAVEHMVR	root																											
VPLFVQIGEVIK	root																											
AALTAAGVTGTASVVK	Salmonella enterica	Bacteria				Pseudomonadota			Gammaproteobacteria			Enterobacterales				Enterobacteriaceae				Salmonella				Salmonella enterica				
AGLINSGGADGGDTDLGDAVR	Salmonella enterica	Bacteria				Pseudomonadota			Gammaproteobacteria			Enterobacterales				Enterobacteriaceae				Salmonella				Salmonella enterica				
GGSGGSYGGGGSGGGYGGGSGSR	Hominoidea	Eukaryota	Metazoa			Chordata	Craniata	Sarcopterygii	Mammalia		Euarchontoglires	Primates	Haplorrhini	Simiiformes	Hominoidea													
GTAMNPVDHPHGGGEGR	root																											
MPSAVGYQPTLAEEMGVLQER	root																											
SGLNAENYENFIQTDAAINR	Gammaproteobacteria	Bacteria				Pseudomonadota			Gammaproteobacteria																			
SLDELQDGSQVAVPNDPTNLGR	root																											
THINIVVIGHVDSGK	root																											
TVINQVTYLPISSEVTDVNR	Enterobacterales	Bacteria				Pseudomonadota			Gammaproteobacteria			Enterobacterales																
VVLASNGSQVTVSPR	Enterobacterales	Bacteria				Pseudomonadota			Gammaproteobacteria			Enterobacterales																
ESTAYHEAGHAIIGR	root																											
IVGMYSAPAGSTILIDR	root																											
LIPAADISEQISTAGK	Bacteria	Bacteria																										
NMTPLPAMAEASANVDEK	Salmonella enterica	Bacteria				Pseudomonadota			Gammaproteobacteria			Enterobacterales				Enterobacteriaceae				Salmonella				Salmonella enterica				
QIASLGIYPAVDPLDSTSR	root																											
QPDAMTHPDGMQIK	root																											
SAAPSGNQLASMAAESR	Salmonella enterica	Bacteria				Pseudomonadota			Gammaproteobacteria			Enterobacterales				Enterobacteriaceae				Salmonella				Salmonella enterica				
TMACGIAGLSVAADSLSAIK	root																											
TPNPGNTMSEQLGDK	root																											
TPVGNTAAICIYPR	root																											
AANDDLLNSFWLLDSEKGEAR	Gammaproteobacteria	Bacteria				Pseudomonadota			Gammaproteobacteria																			
HPVTPWGVQTK	root																											
LYSSGNYTQQELADWQGVSVDTIR	Tequatrovirus	Viruses	Heunggongvirae			Uroviricota			Caudoviricetes							Straboviridae	Tevenvirinae			Tequatrovirus								
PIKGDVLNYDEVMER	Gammaproteobacteria	Bacteria				Pseudomonadota			Gammaproteobacteria																			
PVGSTVHNVEMKPGK	root																											
QINSQTLGLDTLNVQQK	Salmonella enterica	Bacteria				Pseudomonadota			Gammaproteobacteria			Enterobacterales				Enterobacteriaceae				Salmonella				Salmonella enterica				
THINIVVIGHVDSGK	root																											
THNQGVFDVYTPDILR	Gammaproteobacteria	Bacteria				Pseudomonadota			Gammaproteobacteria																			
VEVETPEENTGDVIGDLSR	root																											
VYSGVVNSGDTVLNSVK	root																											
EAFHPMYGPDAMFSGQGAAK	Tequatrovirus	Viruses	Heunggongvirae			Uroviricota			Caudoviricetes							Straboviridae	Tevenvirinae			Tequatrovirus								
GGGRPDMAQAGGTDAAALPAALASVK	root																											
GGSGGSYGGGGSGGGYGGGSGSR	Hominoidea	Eukaryota	Metazoa			Chordata	Craniata	Sarcopterygii	Mammalia		Euarchontoglires	Primates	Haplorrhini	Simiiformes	Hominoidea													
LWQATHAHPFDLTK	Enterobacterales	Bacteria				Pseudomonadota			Gammaproteobacteria			Enterobacterales																
QMGNSEVGHVNLGAGR	root																											
TFEVLATNGDTHLGGEDFDTR	root																											
THINIVVIGHVDSGK	root																											
THLTEEVINAAEK	Bacteria	Bacteria																										
YDANNIYLAAQYSQTYNATR	Gammaproteobacteria	Bacteria				Pseudomonadota			Gammaproteobacteria																			
YGLPAPVGYACTTPR	root																											
ADVLPLDSNHVNTEEAR	Enterobacteriaceae	Bacteria				Pseudomonadota			Gammaproteobacteria			Enterobacterales				Enterobacteriaceae												
CPFHQGGHDQSAGAGTTTR	Enterobacteriaceae	Bacteria				Pseudomonadota			Gammaproteobacteria			Enterobacterales				Enterobacteriaceae												
THINIVVIGHVDSGK	root																											
TMACGIAGLSVAADSLSAIK	root																											
TPEYDELFSGDPIWATESIGGMGLDGR	Pseudomonadota	Bacteria				Pseudomonadota																						
VSLVYGQMNEPPGNR	root																											
VTPADQIDIITGALAGTANK	root																											
YDEAPSNVAQAVIEAR	Gammaproteobacteria	Bacteria				Pseudomonadota			Gammaproteobacteria																			
YEDQPISDLASPIAASSR	Bacillus subtilis group	Bacteria				Bacillota			Bacilli			Bacillales				Bacillaceae				Bacillus		Bacillus subtilis group						
AGLGMMDGVLENVPSAR	Enterobacterales	Bacteria				Pseudomonadota			Gammaproteobacteria			Enterobacterales																
AVQLGGVALGTTQVINSK	root																											
AVVMDHDANIVSVSQR	root																											
AYEDAETVTGVINGK	Gammaproteobacteria	Bacteria				Pseudomonadota			Gammaproteobacteria																			
DDDPSFDELVALAVETGR	Gammaproteobacteria	Bacteria				Pseudomonadota			Gammaproteobacteria																			
FGQVMGTAVMGGAAATAAK	Tequatrovirus	Viruses	Heunggongvirae			Uroviricota			Caudoviricetes							Straboviridae	Tevenvirinae			Tequatrovirus								
GGDNYSDKPAPLGGGGAR	Salmonella enterica	Bacteria				Pseudomonadota			Gammaproteobacteria			Enterobacterales				Enterobacteriaceae				Salmonella				Salmonella enterica				
KEAAPAAAPAAAAAK	Enterobacterales	Bacteria				Pseudomonadota			Gammaproteobacteria			Enterobacterales																
TFAYTNHTLMPEALER	root																											
TTALLTDMNQVLASSAGNAVEVR	root																											
ATGAGQQDQAEVDPNKR	Bacillus subtilis group	Bacteria				Bacillota			Bacilli			Bacillales				Bacillaceae				Bacillus		Bacillus subtilis group						
DAIPTQSVLTITSNVVYGK	Bacteria	Bacteria																										
EMLLDAMENPEKYPQLTIR	root																											
GINSYYLTSDGSTMSYR	root																											
HADEQQAVSDFIR	Enterobacterales	Bacteria				Pseudomonadota			Gammaproteobacteria			Enterobacterales																
KVLESAIANAEHNDGADIDDLK	root																											
LLILGSGPAGYTAAVYAAR	root																											
QMGNSEVGHVNLGAGR	root																											
TEVAPVAPPAVVAPAAK	Salmonella enterica	Bacteria				Pseudomonadota			Gammaproteobacteria			Enterobacterales				Enterobacteriaceae				Salmonella				Salmonella enterica				
VPAGSVVVSGNLPSKDGK	Gammaproteobacteria	Bacteria				Pseudomonadota			Gammaproteobacteria																			
AIAQVGTISANSDETVGK	root																											
AVQLGGVALGTTQVINSK	root																											
DYGVGSDVYSVTSFTELAR	Bacteria	Bacteria																										
EMAHQQIGMEVLNR	root																											
FGQQEAAPVVAPAPAPAPEVQTK	Enterobacteriaceae	Bacteria				Pseudomonadota			Gammaproteobacteria			Enterobacterales				Enterobacteriaceae												
GHIINIGSTAGSWPYAGGNVYGATK	root																											
GMGESNPVTGNTCDNVK	root																											
GTAMNPVDHPHGGGEGR	root																											
SLELPAIVGTGSVTSQVK	root																											
VPTPNVSVVDLTVR	root																											
DYGVGSDVYSVTSFTELAR	Bacteria	Bacteria																										
GISYETATFPWAASGR	root																											
LANELSDAADNKGTAVK	Gammaproteobacteria	Bacteria				Pseudomonadota			Gammaproteobacteria																			
LIPAADISEQISTAGK	Bacteria	Bacteria																										
SRIEDSDYATEVSNMSR	Enterobacteriaceae	Bacteria				Pseudomonadota			Gammaproteobacteria			Enterobacterales				Enterobacteriaceae												
STSDDIHNTTATGK	Bacteria	Bacteria																										
THAPVDFDTAVASTITSHDAGYINK	Enterobacteriaceae	Bacteria				Pseudomonadota			Gammaproteobacteria			Enterobacterales				Enterobacteriaceae												
VAMLSYSTGTSGAGSDVEK	root																											
VITDVHEASQAQPVADVVDVIQLPAFLAR	Enterobacterales	Bacteria				Pseudomonadota			Gammaproteobacteria			Enterobacterales																
VYSGVVNSGDTVLNSVK	root																											
AAANSISVEEPDYQYVAAR	Tequatrovirus	Viruses	Heunggongvirae			Uroviricota			Caudoviricetes							Straboviridae	Tevenvirinae			Tequatrovirus								
AIGEAKDEDTADIFTAASR	Enterobacteriaceae	Bacteria				Pseudomonadota			Gammaproteobacteria			Enterobacterales				Enterobacteriaceae												
EMAHQQIGMEVLNR	root																											
LLDGGWQTWSDAGLPVER	Enterobacterales	Bacteria				Pseudomonadota			Gammaproteobacteria			Enterobacterales																
MGTMDPTFNPVITDDSAAFR	Enterobacteriaceae	Bacteria				Pseudomonadota			Gammaproteobacteria			Enterobacterales				Enterobacteriaceae												
THINIVVIGHVDSGK	root																											
VEGKDDVTGEELTTR	root																											
VPYIAQVMNDAPAVASTDYMK	Bacteria	Bacteria																										
YNTNGGIVTGDGMGMALSHGVPLR	root																											
AGLINSGGADGGDTDLGDAVR	Salmonella enterica	Bacteria				Pseudomonadota			Gammaproteobacteria			Enterobacterales				Enterobacteriaceae				Salmonella				Salmonella enterica				
ANVSQVMHIIGDVAGR	root																											
FDGFVHSIGFAPGDQLDGDYVNAVTR	root																											
LLSANGYDPVYGAR	Enterobacteriaceae	Bacteria				Pseudomonadota			Gammaproteobacteria			Enterobacterales				Enterobacteriaceae												
LNIPMLSAAMDTVTEAR	root																											
LYQPQDATTNPSLILNAAQIPEYR	root																											
MEFPEPVISIAVEPK	root																											
STVGHDLNLDVCSK	Enterobacteriaceae	Bacteria				Pseudomonadota			Gammaproteobacteria			Enterobacterales				Enterobacteriaceae												
THINIVVIGHVDSGK	root																											
AAPTPAKPMGPNDYMVIGLAR	Gammaproteobacteria	Bacteria				Pseudomonadota			Gammaproteobacteria																			
ANSSTTTAAEPLK	Enterobacteriaceae	Bacteria				Pseudomonadota			Gammaproteobacteria			Enterobacterales				Enterobacteriaceae												
EAPLAIELDHDKVMNMQAK	root																											
GPNEMDAGIYYAPYVALTPLR	Tequatrovirus	Viruses	Heunggongvirae			Uroviricota			Caudoviricetes							Straboviridae	Tevenvirinae			Tequatrovirus								
GSGFGGGSGFGGGSGFGGGGFGGGGFGGGR	Mammalia	Eukaryota	Metazoa			Chordata	Craniata	Sarcopterygii	Mammalia																			
THINIVVIGHVDSGK	root																											
TMACGIAGLSVAADSLSAIK	root																											
VEVETPEENTGDVIGDLSR	root																											
YGIGINPFAESAAQAPASR	Tequatrovirus	Viruses	Heunggongvirae			Uroviricota			Caudoviricetes							Straboviridae	Tevenvirinae			Tequatrovirus								
YQWQNYGAANENEWDGYR	Gammaproteobacteria	Bacteria				Pseudomonadota			Gammaproteobacteria																			
APLAAEAMGIIAPR	root																											
DLLGATNPANALAGTLR	root																											
ELAAFSQFASDLDDATRK	root																											
IVGMYSAPAGSTVLIDR	Gammaproteobacteria	Bacteria				Pseudomonadota			Gammaproteobacteria																			
KAPVEQWSAGATGLGVR	root																											
LANELSDAAENKGTAVK	Enterobacterales	Bacteria				Pseudomonadota			Gammaproteobacteria			Enterobacterales																
SNGDGVGGSISYEYEGFGIVGAYGAADR	Gammaproteobacteria	Bacteria				Pseudomonadota			Gammaproteobacteria																			
THNQGVFDVYTPDILR	Gammaproteobacteria	Bacteria				Pseudomonadota			Gammaproteobacteria																			
VDLPVVADIAPEQDDSVEPR	Salmonella enterica	Bacteria				Pseudomonadota			Gammaproteobacteria			Enterobacterales				Enterobacteriaceae				Salmonella				Salmonella enterica				
VFQTHSPVVDSISVK	root																											
AAQYVAAHPGEVCPAK	Bacteria	Bacteria																										
AIAQVGTISANSDETVGK	root																											
AYEDAETVTGVINGK	Gammaproteobacteria	Bacteria				Pseudomonadota			Gammaproteobacteria																			
FASTHTDSSAQTVSLEDYVSR	root																											
GNNVVVLGTQWGDEGK	root																											
QGNALGWATAGGSGFR	root																											
QQLGLSPQDSLGTR	Enterobacterales	Bacteria				Pseudomonadota			Gammaproteobacteria			Enterobacterales																
SGMYIGSSANETHER	Tequatrovirus T4	Viruses	Heunggongvirae			Uroviricota			Caudoviricetes							Straboviridae	Tevenvirinae			Tequatrovirus				Tequatrovirus T4				
SHDALTAVTSLSVDK	Gammaproteobacteria	Bacteria				Pseudomonadota			Gammaproteobacteria																			
VAMLSYSTGTSGAGSDVEK	root																											
ADIDYNTSEAHTTYGVIGVK	root																											
AYDINLTDLLEEEIDPALGNGGLGR	Enterobacteriaceae	Bacteria				Pseudomonadota			Gammaproteobacteria			Enterobacterales				Enterobacteriaceae												
ELAVQSANSTNSQSDLDSIQAEITQR	Enterobacteriaceae	Bacteria				Pseudomonadota			Gammaproteobacteria			Enterobacterales				Enterobacteriaceae												
GVNLPGVSIALPALAEK	root																											
GVVVAIDKDVVLVDAGLK	root																											
HQVVNDLPLGR	root																											
LIPAADISEQISTAGK	Bacteria	Bacteria																										
SIGTLSAFEQNALEGMLDTLKK	Bacteria	Bacteria																										
YAEIADHLGLSAPGDR	root																											
YTCPQYQEGMLDSK	Gammaproteobacteria	Bacteria				Pseudomonadota			Gammaproteobacteria																			
AVQLGGVALGTTQVINSK	root																											
EAPLAIELDHDKVMNMQAK	root																											
GGSGGGGSISGGGYGSGGGSGGR	Homo sapiens	Eukaryota	Metazoa			Chordata	Craniata	Sarcopterygii	Mammalia		Euarchontoglires	Primates	Haplorrhini	Simiiformes	Hominoidea	Hominidae	Homininae			Homo				Homo sapiens				
GLAIDTALPSGEEFPR	root																											
NFDNMREDEGLADR	root																											
QIYEHGVPQAPLAVTGETEK	root																											
SPAGAIQFEAVDAPEIIPDPFDPSK	root																											
TQGLGPANPIASNSTAEGK	root																											
TQNAPVATPQELADYDAIIFGTPTR	Enterobacterales	Bacteria				Pseudomonadota			Gammaproteobacteria			Enterobacterales																
VALPPDAVLTVTLSDASLADAPSK	Gammaproteobacteria	Bacteria				Pseudomonadota			Gammaproteobacteria																			
ADYADSLTENGTHGSDSVESAAR	root																											
EADKLGYNLVVLDSQNNPAK	Bacteria	Bacteria																										
EAPLAIELDHDKVMNMQAK	root																											
GDVVSHIASDNVLGGK	Pseudomonadota	Bacteria				Pseudomonadota																						
GGSGGSYGGGGSGGGYGGGSGSR	Hominoidea	Eukaryota	Metazoa			Chordata	Craniata	Sarcopterygii	Mammalia		Euarchontoglires	Primates	Haplorrhini	Simiiformes	Hominoidea													
GSSLQQGFQKPAQAVNR	root																											
KLLDYAEAGDNIGALLR	root																											
LIPAADISEQISTAGK	Bacteria	Bacteria																										
MQAAGAQAYLVNTGWNGTGK	Gammaproteobacteria	Bacteria				Pseudomonadota			Gammaproteobacteria																			
THINIVVIGHVDSGK	root																											
AWTIPVGATAPQAAGK	root																											
GDVVSHIASDNVLGGK	Pseudomonadota	Bacteria				Pseudomonadota																						
HASDDEPFSALAFK	root																											
LHSLLDEGSLVELGSELEPK	Bacteria	Bacteria																										
MTDKPEINDEVEK	Tequatrovirus	Viruses	Heunggongvirae			Uroviricota			Caudoviricetes							Straboviridae	Tevenvirinae			Tequatrovirus								
NELNEAAETLANFLKDDANIHAIQR	root																											
QATKGEVVSHIASDNVLGGK	Enterobacteriaceae	Bacteria				Pseudomonadota			Gammaproteobacteria			Enterobacterales				Enterobacteriaceae												
THINIVVIGHVDSGK	root																											
YDANNIYLAAQYSQTYNATR	Gammaproteobacteria	Bacteria				Pseudomonadota			Gammaproteobacteria																			
ASNQGEPVILDATADAGK	Enterobacteriaceae	Bacteria				Pseudomonadota			Gammaproteobacteria			Enterobacterales				Enterobacteriaceae												
EADKLGYNLVVLDSQNNPAK	Bacteria	Bacteria																										
FGQQEAAPVVAPAPAPAPEVQTK	Enterobacteriaceae	Bacteria				Pseudomonadota			Gammaproteobacteria			Enterobacterales				Enterobacteriaceae												
GMGESNPVTGNTCDNVKPR	Enterobacterales	Bacteria				Pseudomonadota			Gammaproteobacteria			Enterobacterales																
IEAGQPTVCSETCVGR	Bacteria	Bacteria																										
KLLPWIDGLLDAGEK	root																											
QIVLNCGEEPSVVANTVK	root																											
VPTPNVSVVDLTVR	root																											
VSLVYGQMNEPPGNR	root																											
YNTNGGIVTGDGMGMALSHGVPLR	root																											
AATAGAANSAALDAQVADIEQR	Salmonella enterica	Bacteria				Pseudomonadota			Gammaproteobacteria			Enterobacterales				Enterobacteriaceae				Salmonella				Salmonella enterica				
DLEHPIEVPVGK	root																											
GGGGGGYGSGGSSYGSGGGSYGSGGGGGGGR	Homininae	Eukaryota	Metazoa			Chordata	Craniata	Sarcopterygii	Mammalia		Euarchontoglires	Primates	Haplorrhini	Simiiformes	Hominoidea	Hominidae	Homininae											
GQIEGAVSSSDASTEK	root																											
HLNPAQTALAAELQEKDELK	Tequatrovirus	Viruses	Heunggongvirae			Uroviricota			Caudoviricetes							Straboviridae	Tevenvirinae			Tequatrovirus								
IIELAGFLDSYIPEPER	root																											
TTALLTDMNQVLASSAGNAVEVR	root																											
VHAQHYFSDDNGSDGDK	Enterobacteriaceae	Bacteria				Pseudomonadota			Gammaproteobacteria			Enterobacterales				Enterobacteriaceae												
YGLPAPVGYACTTPR	root																											
YQGGHNAGHTLVINGEK	root																											
AIAQVGTISANSDETVGK	root																											
EADGSIAALHSVNDLDVTK	Bacillus	Bacteria				Bacillota			Bacilli			Bacillales				Bacillaceae				Bacillus								
GSLPIALDEVITDGHKR	root																											
HVDPAAAIQQGK	root																											
LIPAADISEQISTAGK	Bacteria	Bacteria																										
SEFAENDAYVHATPLIR	Bacteria	Bacteria																										
THINIVVIGHVDSGK	root																											
VSGNSPVIFDVTHALQCR	Enterobacteriaceae	Bacteria				Pseudomonadota			Gammaproteobacteria			Enterobacterales				Enterobacteriaceae												
YTPNVADATEAQIQQATK	Gammaproteobacteria	Bacteria				Pseudomonadota			Gammaproteobacteria																			
AAQYVAAHPGEVCPAK	Bacteria	Bacteria																										
AQEVTADNNQQAASGAQPEQSKS	Enterobacteriaceae	Bacteria				Pseudomonadota			Gammaproteobacteria			Enterobacterales				Enterobacteriaceae												
AQPDLAEAAATTTENPLQK	Salmonella enterica	Bacteria				Pseudomonadota			Gammaproteobacteria			Enterobacterales				Enterobacteriaceae				Salmonella				Salmonella enterica				
AYPEQSMAVAATHDLPTLR	Gammaproteobacteria	Bacteria				Pseudomonadota			Gammaproteobacteria																			
IGEVHDGAATMDWMEQEQER	root																											
IGQPVTITTDIYGDDVK	Bacteria	Bacteria																										
ISGAHYQTFPSEK	root																											
IVEGYTPESVEDITGVSASEIR	root																											
QINSQTLGLDTLNVQQK	Salmonella enterica	Bacteria				Pseudomonadota			Gammaproteobacteria			Enterobacterales				Enterobacteriaceae				Salmonella				Salmonella enterica				
QIVLNCGEEPSVVANTVK	root																											
AQPDLAEAAATTTENPLQK	Salmonella enterica	Bacteria				Pseudomonadota			Gammaproteobacteria			Enterobacterales				Enterobacteriaceae				Salmonella				Salmonella enterica				
DGISYTFSIVPNALGK	root																											
DPASLDAMNTLLTNAGASLNEAEK	Salmonella enterica	Bacteria				Pseudomonadota			Gammaproteobacteria			Enterobacterales				Enterobacteriaceae				Salmonella				Salmonella enterica				
GMGESNPVTGNTCDNVKPR	Enterobacterales	Bacteria				Pseudomonadota			Gammaproteobacteria			Enterobacterales																
IFDFVKPGVITGDDVQK	root																											
IQLIGGTWYGGEMK	Bacteria	Bacteria																										
LWDAVTGQHDKDDQAK	Enterobacteriaceae	Bacteria				Pseudomonadota			Gammaproteobacteria			Enterobacterales				Enterobacteriaceae												
PVGSTVHNVEMKPGK	root																											
STVGHDLNLDVCSK	Enterobacteriaceae	Bacteria				Pseudomonadota			Gammaproteobacteria			Enterobacterales				Enterobacteriaceae												
THINIVVIGHVDSGK	root																											
FYITPGAVAIVAEDSK	Salmonella enterica	Bacteria				Pseudomonadota			Gammaproteobacteria			Enterobacterales				Enterobacteriaceae				Salmonella				Salmonella enterica				
GMGESNPVTGNTCDNVK	root																											
GVNLPGVSIALPALAEK	root																											
HIEINGDNLHDYLGVQR	Pseudomonadota	Bacteria				Pseudomonadota																						
KGAVASLTSVAK	root																											
KLLPWIDGLLDAGEK	root																											
LDAVVFTGGIGENAAMVR	root																											
LEDQPAVQQAATEVR	Bacteria	Bacteria																										
LFETSENGLDYFTSVPAR	root																											
VADVINNDPLVGDKLK	Enterobacteriaceae	Bacteria				Pseudomonadota			Gammaproteobacteria			Enterobacterales				Enterobacteriaceae												
AAQYVASHPGEVCPAK	root																											
ANDAAGDGTTTATVLAQSIITEGLK	root																											
APVEQWSAGATGLGVR	root																											
DGISYTFSIVPAALGK	Bacteria	Bacteria																										
FASTHTDSSAQTVSLEDYVSR	root																											
GAPGGLIFQSICGSEK	Pseudomonadota	Bacteria				Pseudomonadota																						
HASDDEPFSALAFK	root																											
LEPGELYYFAGIDEAR	root																											
THINIVVIGHVDSGK	root																											
YSYEASLMALHDR	root																											
AALTAAGVTGTASVVK	Salmonella enterica	Bacteria				Pseudomonadota			Gammaproteobacteria			Enterobacterales				Enterobacteriaceae				Salmonella				Salmonella enterica				
AKYPDLQIIGGNVATGAGAR	Gammaproteobacteria	Bacteria				Pseudomonadota			Gammaproteobacteria																			
AYPEQSMAVAATHDLPTLR	Gammaproteobacteria	Bacteria				Pseudomonadota			Gammaproteobacteria																			
EIETYHNLLEGGQEDFESSGAGK	Homininae	Eukaryota	Metazoa			Chordata	Craniata	Sarcopterygii	Mammalia		Euarchontoglires	Primates	Haplorrhini	Simiiformes	Hominoidea	Hominidae	Homininae											
EVVQDPAAGTAGFLIEADR	Enterobacterales	Bacteria				Pseudomonadota			Gammaproteobacteria			Enterobacterales																
GESAPATAFGAAIVGGDNGR	root																											
HLDALVADEDLSR	Gammaproteobacteria	Bacteria				Pseudomonadota			Gammaproteobacteria																			
HPVTPWGVQTK	root																											
VPTPNVSVVDLTVR	root																											
VVDGVVNTMHEIADSSK	Enterobacteriaceae	Bacteria				Pseudomonadota			Gammaproteobacteria			Enterobacterales				Enterobacteriaceae												
AGTHDSHGAPLGDAEIALTR	Enterobacterales	Bacteria				Pseudomonadota			Gammaproteobacteria			Enterobacterales																
DGTMSDFGIPASIVAK	root																											
GGSGGSHGGGSGFGGESGGSYGGGEEASGSGGGYGGGSGK	Homininae	Eukaryota	Metazoa			Chordata	Craniata	Sarcopterygii	Mammalia		Euarchontoglires	Primates	Haplorrhini	Simiiformes	Hominoidea	Hominidae	Homininae											
GKEGMNASPDGVAK	root																											
GPVDNDGFSAVEAIAPGVIDR	Enterobacterales	Bacteria				Pseudomonadota			Gammaproteobacteria			Enterobacterales																
HPVTPWGVQTK	root																											
MEPAAPWQFLTGYYQYR	Enterobacteriaceae	Bacteria				Pseudomonadota			Gammaproteobacteria			Enterobacterales				Enterobacteriaceae												
THINIVVIGHVDSGK	root																											
TQGAAAFEGAVIAYEPVWAIGTGK	root																											
VFMQPASEGTGIIAGGAMR	root																											
CVDTSMGLTPLEGLVMGTR	root																											
FGQGEAAPVVAPAPAPAPEVQTK	Bacteria	Bacteria																										
GMGESNPVTGNTCDNVKPR	Enterobacterales	Bacteria				Pseudomonadota			Gammaproteobacteria			Enterobacterales																
LPAGGQATPMTYEVNGK	root																											
MEFPEPVISIAVEPK	root																											
NMITGAAQMDGAILVVAATDGPMPQTR	root																											
NYTPYEGDESFLAGATDATTK	root																											
QTDELTGLSSLVVLDSAER	root																											
THINIVVIGHVDSGK	root																											
VGVNQVVGVNLFDVYR	Gammaproteobacteria	Bacteria				Pseudomonadota			Gammaproteobacteria																			
AIAQVGTISANSDETVGK	root																											
DHAPLMQEINQTGGYNDEIEGK	Gammaproteobacteria	Bacteria				Pseudomonadota			Gammaproteobacteria																			
ILLINPTDSDAVGNAVK	Pseudomonadota	Bacteria				Pseudomonadota																						
SRIEDSDYATEVSNMSR	Enterobacteriaceae	Bacteria				Pseudomonadota			Gammaproteobacteria			Enterobacterales				Enterobacteriaceae												
VAALEGDVLGSYQHGAR	root																											
VFAYATHPIFSGNAANNLR	root																											
VHAQHYFSDDNGSDGDKTYAR	Enterobacteriaceae	Bacteria				Pseudomonadota			Gammaproteobacteria			Enterobacterales				Enterobacteriaceae												
VLESAIANAEHNDGADIDDLK	root																											
VSLVYGQMNEPPGNR	root																											
ANVSQVMHIIGDVAGR	root																											
EAFHPMYGPDAMFSGQGAAK	Tequatrovirus	Viruses	Heunggongvirae			Uroviricota			Caudoviricetes							Straboviridae	Tevenvirinae			Tequatrovirus								
GMPLYEHIAELNGTPGK	root																											
GPNEMDAGIYYAPYVALTPLR	Tequatrovirus	Viruses	Heunggongvirae			Uroviricota			Caudoviricetes							Straboviridae	Tevenvirinae			Tequatrovirus								
PNVADATEAQIQQATK	Gammaproteobacteria	Bacteria				Pseudomonadota			Gammaproteobacteria																			
THINIVVIGHVDSGK	root																											
VFQTHSPVVDSISVK	root																											
VISWYDNESGYSNR	Bacteria	Bacteria																										
YVETDNTGDDNYDGLHQVR	root																											
AINEDAAGNYIHYGVR	Enterobacterales	Bacteria				Pseudomonadota			Gammaproteobacteria			Enterobacterales																
DAIPTQSVLTITSNVVYGK	Bacteria	Bacteria																										
DLGEVSGDSCQASNQDSPPSIPTAR	root																											
GPVDNDGFSAVEAIAPGVIDR	Enterobacterales	Bacteria				Pseudomonadota			Gammaproteobacteria			Enterobacterales																
NMITGAAQMDGAILVVAATDGPMPQTR	root																											
QIVLNCGEEPSVVANTVK	root																											
THAPVDFDTAVASTITSHDAGYINK	Enterobacteriaceae	Bacteria				Pseudomonadota			Gammaproteobacteria			Enterobacterales				Enterobacteriaceae												
THINIVVIGHVDSGK	root																											
TTPSIIAYTQDGETLVGQPAKR	root																											
VDGGAVANNFLMQFQSDILGTR	root																											
AQEVTADNNQQAASGAQPEQSK	Enterobacteriaceae	Bacteria				Pseudomonadota			Gammaproteobacteria			Enterobacterales				Enterobacteriaceae												
EGSSLLGSDAGELAGAGK	Pseudomonadota	Bacteria				Pseudomonadota																						
HASDDEPFSALAFK	root																											
MPSAVGYQPTLAEEMGVLQER	root																											
NMITGAAQMDGAILVVAATDGPMPQTR	root																											
NYTPYEGDESFLAGATDATTK	root																											
STMDHYAASNPLNK	Enterobacteriaceae	Bacteria				Pseudomonadota			Gammaproteobacteria			Enterobacterales				Enterobacteriaceae												
STVGHDLNLDVCSK	Enterobacteriaceae	Bacteria				Pseudomonadota			Gammaproteobacteria			Enterobacterales				Enterobacteriaceae												
THINIVVIGHVDSGK	root																											
VADVINNDPLVGDKLK	Enterobacteriaceae	Bacteria				Pseudomonadota			Gammaproteobacteria			Enterobacterales				Enterobacteriaceae												
AMLAAEQHVVTPALER	Bacteria	Bacteria																										
AVQLGGVALGTTQVINSK	root																											
EPQGFVADATINTPNGVLVASGK	root																											
IGVLTSGGDAPGMNAAIR	root																											
LPQLGIEFSGPGAK	Pseudomonadota	Bacteria				Pseudomonadota																						
SGETEDATIADLAVGTAAGQIK	root																											
SLELPAIVGTGSVTSQVK	root																											
THNQGVFDVYTPDILR	Gammaproteobacteria	Bacteria				Pseudomonadota			Gammaproteobacteria																			
YVESQVYQGVVENLASEQAAR	Gammaproteobacteria	Bacteria				Pseudomonadota			Gammaproteobacteria																			
AAPTPAKPMGPNDYMVIGLAR	Gammaproteobacteria	Bacteria				Pseudomonadota			Gammaproteobacteria																			
CVDTSMGLTPLEGLVMGTR	root																											
DSVGAVVMGPYADLAEGMK	root																											
GQALPLSVSYVSTTAEGAQR	Salmonella	Bacteria				Pseudomonadota			Gammaproteobacteria			Enterobacterales				Enterobacteriaceae				Salmonella								
IKHEIGSAYPGDEVR	root																											
IYVGNVPIGDGAPIAVQSMTNTR	root																											
NMITGAAQMDGAILVVAATDGPMPQTR	root																											
QEAAPAAAPAPAAGVK	Enterobacteriaceae	Bacteria				Pseudomonadota			Gammaproteobacteria			Enterobacterales				Enterobacteriaceae												
TGYLPITTAAYELTR	root																											
YGKDPVAAGAK	Straboviridae	Viruses	Heunggongvirae			Uroviricota			Caudoviricetes							Straboviridae												
HLNPAQTALAAELQEKDELK	Tequatrovirus	Viruses	Heunggongvirae			Uroviricota			Caudoviricetes							Straboviridae	Tevenvirinae			Tequatrovirus								
SIGTLSAFEQNALEGMLDTLKK	Bacteria	Bacteria																										
